{"cameraMode":{"drawMode":0,"name":"Shaded","section":"Shading Mode"},"sceneLighting":true,"audioPlay":false,"sceneViewState":{"showFog":true,"showMaterialUpdate":false,"showSkybox":true,"showFlares":true,"showImageEffects":true,"showParticleSystems":true},"in2DMode":false,"pivot":{"x":-0.2038775533437729,"y":0.05899803340435028,"z":-1.2053775787353516},"rotation":{"x":-0.07908789068460465,"y":0.9086302518844605,"z":-0.20109865069389344,"w":-0.35734522342681887},"size":10.0,"orthographic":false}