{"cameraMode":{"drawMode":0,"name":"Shaded","section":"Shading Mode"},"sceneLighting":false,"audioPlay":false,"sceneViewState":{"showFog":true,"showMaterialUpdate":true,"showSkybox":false,"showFlares":true,"showImageEffects":true,"showParticleSystems":true},"in2DMode":false,"pivot":{"x":-0.5051584243774414,"y":1.7600173950195313,"z":0.004857063293457031},"rotation":{"x":0.012488474138081074,"y":0.968267023563385,"z":-0.04942530766129494,"w":0.24466347694396974},"size":5.422754287719727,"orthographic":false}